Subject,SessionDate,SessionTime,Block,choose,outcome,partnerlabel,slideInvestment.RT,targettext
3,02-16-2022,9:48:06,1,,,,,
3,02-16-2022,9:48:06,2,分享,CD,人,2647,2
3,02-16-2022,9:48:06,3,分享,CC,人,2860,5
3,02-16-2022,9:48:06,4,独占,DC,人,1581,1
3,02-16-2022,9:48:06,5,独占,DC,人,2656,1
3,02-16-2022,9:48:06,6,分享,CD,人,1855,2
3,02-16-2022,9:48:06,7,分享,CC,人,1562,5
3,02-16-2022,9:48:06,8,分享,CD,人,1483,2
3,02-16-2022,9:48:06,9,独占,DD,人,945,2
3,02-16-2022,9:48:06,10,独占,DD,人,849,2
3,02-16-2022,9:48:06,11,分享,CC,人,327,5
3,02-16-2022,9:48:06,12,,,,,
3,02-16-2022,9:48:06,13,,,,,
3,02-16-2022,9:48:06,14,分享,CD,电脑,1271,1
3,02-16-2022,9:48:06,15,分享,CD,电脑,1147,1
3,02-16-2022,9:48:06,16,分享,CC,电脑,607,4
3,02-16-2022,9:48:06,17,独占,DC,电脑,500,4
3,02-16-2022,9:48:06,18,分享,CC,电脑,281,5
3,02-16-2022,9:48:06,19,分享,CD,电脑,536,1
3,02-16-2022,9:48:06,20,独占,DD,电脑,1250,2
3,02-16-2022,9:48:06,21,分享,CC,电脑,596,4
3,02-16-2022,9:48:06,22,独占,DD,电脑,463,2
3,02-16-2022,9:48:06,23,独占,DC,电脑,778,5
3,02-16-2022,9:48:06,24,,,,,
3,02-16-2022,9:48:06,25,,,,,
3,02-16-2022,9:48:06,26,分享,CC,人,1468,5
3,02-16-2022,9:48:06,27,独占,DC,人,878,2
3,02-16-2022,9:48:06,28,独占,DD,人,972,1
3,02-16-2022,9:48:06,29,分享,CD,人,1141,1
3,02-16-2022,9:48:06,30,分享,CD,人,824,1
3,02-16-2022,9:48:06,31,分享,CD,人,405,1
3,02-16-2022,9:48:06,32,分享,CD,人,305,1
3,02-16-2022,9:48:06,33,分享,CC,人,292,5
3,02-16-2022,9:48:06,34,独占,DC,人,548,1
3,02-16-2022,9:48:06,35,独占,DC,人,1013,1
3,02-16-2022,9:48:06,36,,,,,
3,02-16-2022,9:48:06,37,,,,,
3,02-16-2022,9:48:06,38,独占,DD,电脑,227,4
3,02-16-2022,9:48:06,39,独占,DC,电脑,110,3
3,02-16-2022,9:48:06,40,独占,DC,电脑,31,5
3,02-16-2022,9:48:06,41,独占,DC,电脑,648,5
3,02-16-2022,9:48:06,42,独占,DD,电脑,570,5
3,02-16-2022,9:48:06,43,独占,DD,电脑,435,5
3,02-16-2022,9:48:06,44,独占,DD,电脑,446,5
3,02-16-2022,9:48:06,45,独占,DC,电脑,307,5
3,02-16-2022,9:48:06,46,独占,DC,电脑,290,5
3,02-16-2022,9:48:06,47,独占,DD,电脑,318,5
7,02-09-2022,14:27:53,1,,,,,
7,02-09-2022,14:27:53,2,分享,CC,人,5771,5
7,02-09-2022,14:27:53,3,分享,CC,人,10095,5
7,02-09-2022,14:27:53,4,分享,CD,人,537,2
7,02-09-2022,14:27:53,5,分享,CD,人,1935,2
7,02-09-2022,14:27:53,6,分享,CC,人,903,5
7,02-09-2022,14:27:53,7,分享,CC,人,956,5
7,02-09-2022,14:27:53,8,分享,CC,人,1797,5
7,02-09-2022,14:27:53,9,分享,CD,人,831,2
7,02-09-2022,14:27:53,10,分享,CD,人,677,2
7,02-09-2022,14:27:53,11,分享,CC,人,1010,5
7,02-09-2022,14:27:53,12,,,,,
7,02-09-2022,14:27:53,13,,,,,
7,02-09-2022,14:27:53,14,独占,DC,电脑,445,4
7,02-09-2022,14:27:53,15,分享,CC,电脑,1181,5
7,02-09-2022,14:27:53,16,独占,DD,电脑,1759,2
7,02-09-2022,14:27:53,17,分享,CC,电脑,2207,5
7,02-09-2022,14:27:53,18,独占,DD,电脑,713,2
7,02-09-2022,14:27:53,19,独占,DD,电脑,1028,2
7,02-09-2022,14:27:53,20,分享,CC,电脑,638,5
7,02-09-2022,14:27:53,21,独占,DC,电脑,1741,4
7,02-09-2022,14:27:53,22,分享,CD,电脑,1200,1
7,02-09-2022,14:27:53,23,分享,CC,电脑,948,5
7,02-09-2022,14:27:53,24,,,,,
7,02-09-2022,14:27:53,25,,,,,
7,02-09-2022,14:27:53,26,分享,CD,人,398,1
7,02-09-2022,14:27:53,27,分享,CD,人,1084,1
7,02-09-2022,14:27:53,28,分享,CC,人,1807,5
7,02-09-2022,14:27:53,29,独占,DC,人,1240,4
7,02-09-2022,14:27:53,30,分享,CD,人,595,1
7,02-09-2022,14:27:53,31,分享,CC,人,1090,5
7,02-09-2022,14:27:53,32,独占,DD,人,702,3
7,02-09-2022,14:27:53,33,独占,DC,人,2227,4
7,02-09-2022,14:27:53,34,分享,CD,人,2090,1
7,02-09-2022,14:27:53,35,分享,CD,人,424,1
7,02-09-2022,14:27:53,36,,,,,
7,02-09-2022,14:27:53,37,,,,,
7,02-09-2022,14:27:53,38,独占,DC,电脑,2420,4
7,02-09-2022,14:27:53,39,分享,CC,电脑,2103,5
7,02-09-2022,14:27:53,40,分享,CD,电脑,547,2
7,02-09-2022,14:27:53,41,分享,CD,电脑,4058,2
7,02-09-2022,14:27:53,42,独占,DD,电脑,112,4
7,02-09-2022,14:27:53,43,独占,DD,电脑,862,4
7,02-09-2022,14:27:53,44,独占,DC,电脑,948,4
7,02-09-2022,14:27:53,45,分享,CD,电脑,432,2
7,02-09-2022,14:27:53,46,分享,CD,电脑,390,2
7,02-09-2022,14:27:53,47,分享,CC,电脑,762,5
18,02-16-2022,15:45:21,1,,,,,
18,02-16-2022,15:45:21,2,独占,DC,人,7502,3
18,02-16-2022,15:45:21,3,独占,DC,人,16897,5
18,02-16-2022,15:45:21,4,分享,CC,人,14629,4
18,02-16-2022,15:45:21,5,独占,DC,人,2776,4
18,02-16-2022,15:45:21,6,分享,CD,人,2947,1
18,02-16-2022,15:45:21,7,分享,CC,人,3319,5
18,02-16-2022,15:45:21,8,独占,DD,人,2388,2
18,02-16-2022,15:45:21,9,分享,CD,人,3564,1
18,02-16-2022,15:45:21,10,独占,DC,人,1991,4
18,02-16-2022,15:45:21,11,分享,CC,人,5346,5
18,02-16-2022,15:45:21,12,,,,,
18,02-16-2022,15:45:21,13,,,,,
18,02-16-2022,15:45:21,14,独占,DD,电脑,1191,2
18,02-16-2022,15:45:21,15,独占,DC,电脑,2415,3
18,02-16-2022,15:45:21,16,分享,CC,电脑,1345,4
18,02-16-2022,15:45:21,17,独占,DD,电脑,1503,3
18,02-16-2022,15:45:21,18,分享,CC,电脑,2409,5
18,02-16-2022,15:45:21,19,独占,DD,电脑,1246,4
18,02-16-2022,15:45:21,20,独占,DD,电脑,779,5
18,02-16-2022,15:45:21,21,分享,CC,电脑,920,5
18,02-16-2022,15:45:21,22,独占,DC,电脑,1147,2
18,02-16-2022,15:45:21,23,独占,DD,电脑,1892,1
18,02-16-2022,15:45:21,24,,,,,
18,02-16-2022,15:45:21,25,,,,,
18,02-16-2022,15:45:21,26,分享,CD,人,1340,1
18,02-16-2022,15:45:21,27,独占,DD,人,1019,3
18,02-16-2022,15:45:21,28,独占,DD,人,1349,3
18,02-16-2022,15:45:21,29,分享,CD,人,1791,1
18,02-16-2022,15:45:21,30,独占,DD,人,966,3
18,02-16-2022,15:45:21,31,独占,DC,人,520,3
18,02-16-2022,15:45:21,32,独占,DC,人,1270,4
18,02-16-2022,15:45:21,33,分享,CC,人,2872,5
18,02-16-2022,15:45:21,34,独占,DD,人,4594,5
18,02-16-2022,15:45:21,35,独占,DD,人,3606,3
18,02-16-2022,15:45:21,36,,,,,
18,02-16-2022,15:45:21,37,,,,,
18,02-16-2022,15:45:21,38,独占,DC,电脑,771,3
18,02-16-2022,15:45:21,39,分享,CD,电脑,2312,3
18,02-16-2022,15:45:21,40,分享,CD,电脑,388,3
18,02-16-2022,15:45:21,41,独占,DD,电脑,899,3
18,02-16-2022,15:45:21,42,独占,DC,电脑,195,5
18,02-16-2022,15:45:21,43,分享,CC,电脑,1109,5
18,02-16-2022,15:45:21,44,独占,DD,电脑,718,2
18,02-16-2022,15:45:21,45,分享,CC,电脑,1522,5
18,02-16-2022,15:45:21,46,独占,DC,电脑,2280,1
18,02-16-2022,15:45:21,47,分享,CD,电脑,1733,5
24,03-19-2022,16:55:30,1,,,,,
24,03-19-2022,16:55:30,2,分享,CD,人,2184,1
24,03-19-2022,16:55:30,3,独占,DC,人,942,5
24,03-19-2022,16:55:30,4,独占,DD,人,2022,1
24,03-19-2022,16:55:30,5,分享,CD,人,2564,1
24,03-19-2022,16:55:30,6,独占,DD,人,1278,1
24,03-19-2022,16:55:30,7,分享,CD,人,1212,1
24,03-19-2022,16:55:30,8,独占,DC,人,539,5
24,03-19-2022,16:55:30,9,独占,DC,人,11541,5
24,03-19-2022,16:55:30,10,独占,DC,人,3656,5
24,03-19-2022,16:55:30,11,独占,DD,人,1043,1
24,03-19-2022,16:55:30,12,,,,,
24,03-19-2022,16:55:30,13,,,,,
24,03-19-2022,16:55:30,14,独占,DC,电脑,1989,5
24,03-19-2022,16:55:30,15,分享,CD,电脑,362,1
24,03-19-2022,16:55:30,16,独占,DD,电脑,2732,1
24,03-19-2022,16:55:30,17,独占,DD,电脑,496,1
24,03-19-2022,16:55:30,18,独占,DC,电脑,993,5
24,03-19-2022,16:55:30,19,分享,CD,电脑,1566,1
24,03-19-2022,16:55:30,20,分享,CD,电脑,470,1
24,03-19-2022,16:55:30,21,分享,CD,电脑,762,1
24,03-19-2022,16:55:30,22,分享,CC,电脑,393,5
24,03-19-2022,16:55:30,23,分享,CD,电脑,2147,1
24,03-19-2022,16:55:30,24,,,,,
24,03-19-2022,16:55:30,25,,,,,
24,03-19-2022,16:55:30,26,独占,DD,人,1046,1
24,03-19-2022,16:55:30,27,分享,CD,人,290,1
24,03-19-2022,16:55:30,28,分享,CD,人,1323,1
24,03-19-2022,16:55:30,29,分享,CC,人,1356,5
24,03-19-2022,16:55:30,30,分享,CC,人,299,5
24,03-19-2022,16:55:30,31,分享,CD,人,347,1
24,03-19-2022,16:55:30,32,独占,DC,人,268,5
24,03-19-2022,16:55:30,33,分享,CC,人,1047,5
24,03-19-2022,16:55:30,34,独占,DC,人,241,5
24,03-19-2022,16:55:30,35,分享,CC,人,2057,5
24,03-19-2022,16:55:30,36,,,,,
24,03-19-2022,16:55:30,37,,,,,
24,03-19-2022,16:55:30,38,分享,CC,电脑,380,5
24,03-19-2022,16:55:30,39,独占,DD,电脑,321,1
24,03-19-2022,16:55:30,40,分享,CC,电脑,1241,5
24,03-19-2022,16:55:30,41,独占,DC,电脑,1667,5
24,03-19-2022,16:55:30,42,分享,CC,电脑,687,5
24,03-19-2022,16:55:30,43,独占,DD,电脑,362,1
24,03-19-2022,16:55:30,44,分享,CD,电脑,924,1
24,03-19-2022,16:55:30,45,独占,DC,电脑,470,5
24,03-19-2022,16:55:30,46,分享,CC,电脑,1096,5
24,03-19-2022,16:55:30,47,独占,DC,电脑,977,5
32,02-18-2022,10:12:02,1,,,,,
32,02-18-2022,10:12:02,2,分享,CD,人,4242,2
32,02-18-2022,10:12:02,3,独占,DD,人,1821,4
32,02-18-2022,10:12:02,4,独占,DC,人,5171,2
32,02-18-2022,10:12:02,5,分享,CD,人,348,1
32,02-18-2022,10:12:02,6,分享,CD,人,5122,3
32,02-18-2022,10:12:02,7,独占,DC,人,1023,4
32,02-18-2022,10:12:02,8,分享,CC,人,4187,5
32,02-18-2022,10:12:02,9,分享,CD,人,2274,1
32,02-18-2022,10:12:02,10,分享,CC,人,725,5
32,02-18-2022,10:12:02,11,分享,CC,人,541,5
32,02-18-2022,10:12:02,12,,,,,
32,02-18-2022,10:12:02,13,,,,,
32,02-18-2022,10:12:02,14,分享,CC,电脑,352,5
32,02-18-2022,10:12:02,15,独占,DD,电脑,8,3
32,02-18-2022,10:12:02,16,分享,CD,电脑,287,1
32,02-18-2022,10:12:02,17,独占,DC,电脑,357,3
32,02-18-2022,10:12:02,18,分享,CC,电脑,1484,5
32,02-18-2022,10:12:02,19,分享,CD,电脑,874,2
32,02-18-2022,10:12:02,20,独占,DC,电脑,944,3
32,02-18-2022,10:12:02,21,分享,CD,电脑,535,2
32,02-18-2022,10:12:02,22,分享,CD,电脑,249,2
32,02-18-2022,10:12:02,23,独占,DC,电脑,369,3
32,02-18-2022,10:12:02,24,,,,,
32,02-18-2022,10:12:02,25,,,,,
32,02-18-2022,10:12:02,26,分享,CC,人,305,4
32,02-18-2022,10:12:02,27,分享,CD,人,879,1
32,02-18-2022,10:12:02,28,独占,DD,人,749,3
32,02-18-2022,10:12:02,29,独占,DC,人,243,4
32,02-18-2022,10:12:02,30,分享,CD,人,251,5
32,02-18-2022,10:12:02,31,分享,CD,人,1446,1
32,02-18-2022,10:12:02,32,分享,CC,人,718,5
32,02-18-2022,10:12:02,33,独占,DC,人,1280,5
32,02-18-2022,10:12:02,34,分享,CC,人,844,5
32,02-18-2022,10:12:02,35,独占,DD,人,1120,3
32,02-18-2022,10:12:02,36,,,,,
32,02-18-2022,10:12:02,37,,,,,
32,02-18-2022,10:12:02,38,独占,DC,电脑,439,3
32,02-18-2022,10:12:02,39,分享,CD,电脑,756,1
32,02-18-2022,10:12:02,40,独占,DC,电脑,1292,3
32,02-18-2022,10:12:02,41,独占,DC,电脑,225,3
32,02-18-2022,10:12:02,42,分享,CD,电脑,354,1
32,02-18-2022,10:12:02,43,分享,CC,电脑,217,5
32,02-18-2022,10:12:02,44,独占,DD,电脑,419,3
32,02-18-2022,10:12:02,45,分享,CD,电脑,662,1
32,02-18-2022,10:12:02,46,独占,DD,电脑,735,3
32,02-18-2022,10:12:02,47,分享,CC,电脑,459,5
40,04-04-2022,16:50:11,1,,,,,
40,04-04-2022,16:50:11,2,独占,DD,人,5343,4
40,04-04-2022,16:50:11,3,分享,CC,人,2247,5
40,04-04-2022,16:50:11,4,分享,CD,人,1140,5
40,04-04-2022,16:50:11,5,分享,CC,人,1122,5
40,04-04-2022,16:50:11,6,独占,DC,人,6850,5
40,04-04-2022,16:50:11,7,分享,CD,人,3803,5
40,04-04-2022,16:50:11,8,分享,CC,人,1795,3
40,04-04-2022,16:50:11,9,分享,CC,人,505,5
40,04-04-2022,16:50:11,10,分享,CC,人,1635,5
40,04-04-2022,16:50:11,11,独占,DC,人,393,5
40,04-04-2022,16:50:11,12,,,,,
40,04-04-2022,16:50:11,13,,,,,
40,04-04-2022,16:50:11,14,分享,CC,电脑,1156,5
40,04-04-2022,16:50:11,15,分享,CC,电脑,887,5
40,04-04-2022,16:50:11,16,分享,CC,电脑,1426,5
40,04-04-2022,16:50:11,17,分享,CD,电脑,586,5
40,04-04-2022,16:50:11,18,分享,CD,电脑,1462,5
40,04-04-2022,16:50:11,19,独占,DD,电脑,1462,5
40,04-04-2022,16:50:11,20,独占,DD,电脑,2329,4
40,04-04-2022,16:50:11,21,独占,DC,电脑,714,5
40,04-04-2022,16:50:11,22,分享,CD,电脑,193,5
40,04-04-2022,16:50:11,23,分享,CD,电脑,625,5
40,04-04-2022,16:50:11,24,,,,,
40,04-04-2022,16:50:11,25,,,,,
40,04-04-2022,16:50:11,26,独占,DC,人,575,5
40,04-04-2022,16:50:11,27,分享,CD,人,242,5
40,04-04-2022,16:50:11,28,分享,CD,人,251,5
40,04-04-2022,16:50:11,29,分享,CD,人,292,5
40,04-04-2022,16:50:11,30,分享,CD,人,344,5
40,04-04-2022,16:50:11,31,独占,DD,人,278,5
40,04-04-2022,16:50:11,32,独占,DD,人,804,5
40,04-04-2022,16:50:11,33,独占,DC,人,281,5
40,04-04-2022,16:50:11,34,分享,CC,人,274,5
40,04-04-2022,16:50:11,35,独占,DD,人,381,5
40,04-04-2022,16:50:11,36,,,,,
40,04-04-2022,16:50:11,37,,,,,
40,04-04-2022,16:50:11,38,独占,DC,电脑,218,5
40,04-04-2022,16:50:11,39,独占,DC,电脑,508,5
40,04-04-2022,16:50:11,40,独占,DC,电脑,329,5
40,04-04-2022,16:50:11,41,分享,CD,电脑,445,5
40,04-04-2022,16:50:11,42,独占,DC,电脑,430,5
40,04-04-2022,16:50:11,43,独占,DC,电脑,815,5
40,04-04-2022,16:50:11,44,独占,DC,电脑,698,5
40,04-04-2022,16:50:11,45,分享,CD,电脑,318,5
40,04-04-2022,16:50:11,46,分享,CD,电脑,337,5
40,04-04-2022,16:50:11,47,分享,CD,电脑,319,5
58,09-11-2022,15:01:45,1,,,,,
58,09-11-2022,15:01:45,2,分享,CC,人,1501,5
58,09-11-2022,15:01:45,3,独占,DC,人,2578,5
58,09-11-2022,15:01:45,4,分享,CC,人,1132,5
58,09-11-2022,15:01:45,5,分享,CC,人,1625,5
58,09-11-2022,15:01:45,6,独占,DC,人,429,5
58,09-11-2022,15:01:45,7,分享,CC,人,2655,5
58,09-11-2022,15:01:45,8,分享,CC,人,541,5
58,09-11-2022,15:01:45,9,独占,DC,人,449,5
58,09-11-2022,15:01:45,10,分享,CC,人,721,5
58,09-11-2022,15:01:45,11,独占,DD,人,1021,4
58,09-11-2022,15:01:45,12,,,,,
58,09-11-2022,15:01:45,13,,,,,
58,09-11-2022,15:01:45,14,分享,CC,电脑,1174,5
58,09-11-2022,15:01:45,15,独占,DC,电脑,1114,5
58,09-11-2022,15:01:45,16,独占,DC,电脑,1523,5
58,09-11-2022,15:01:45,17,独占,DD,电脑,664,3
58,09-11-2022,15:01:45,18,分享,CD,电脑,1267,1
58,09-11-2022,15:01:45,19,独占,DD,电脑,1453,2
58,09-11-2022,15:01:45,20,独占,DD,电脑,1182,4
58,09-11-2022,15:01:45,21,分享,CD,电脑,1246,1
58,09-11-2022,15:01:45,22,独占,DD,电脑,825,2
58,09-11-2022,15:01:45,23,独占,DD,电脑,615,2
58,09-11-2022,15:01:45,24,,,,,
58,09-11-2022,15:01:45,25,,,,,
58,09-11-2022,15:01:45,26,分享,CD,人,906,1
58,09-11-2022,15:01:45,27,独占,DD,人,547,2
58,09-11-2022,15:01:45,28,独占,DD,人,1223,4
58,09-11-2022,15:01:45,29,分享,CD,人,274,4
58,09-11-2022,15:01:45,30,独占,DC,人,1369,5
58,09-11-2022,15:01:45,31,分享,CD,人,4336,1
58,09-11-2022,15:01:45,32,独占,DD,人,995,3
58,09-11-2022,15:01:45,33,独占,DD,人,937,3
58,09-11-2022,15:01:45,34,独占,DD,人,801,3
58,09-11-2022,15:01:45,35,分享,CD,人,303,3
58,09-11-2022,15:01:45,36,,,,,
58,09-11-2022,15:01:45,37,,,,,
58,09-11-2022,15:01:45,38,分享,CC,电脑,1329,5
58,09-11-2022,15:01:45,39,分享,CC,电脑,330,5
58,09-11-2022,15:01:45,40,独占,DC,电脑,571,5
58,09-11-2022,15:01:45,41,独占,DC,电脑,1091,5
58,09-11-2022,15:01:45,42,独占,DC,电脑,788,3
58,09-11-2022,15:01:45,43,分享,CC,电脑,538,5
58,09-11-2022,15:01:45,44,分享,CD,电脑,493,5
58,09-11-2022,15:01:45,45,独占,DD,电脑,554,4
58,09-11-2022,15:01:45,46,独占,DD,电脑,836,3
58,09-11-2022,15:01:45,47,独占,DC,电脑,804,3
67,04-17-2022,11:19:54,1,,,,,
67,04-17-2022,11:19:54,2,独占,DC,人,7914,4
67,04-17-2022,11:19:54,3,分享,CD,人,4776,2
67,04-17-2022,11:19:54,4,独占,DD,人,2612,5
67,04-17-2022,11:19:54,5,独占,DC,人,348,3
67,04-17-2022,11:19:54,6,分享,CC,人,4032,5
67,04-17-2022,11:19:54,7,分享,CD,人,1303,5
67,04-17-2022,11:19:54,8,独占,DD,人,879,3
67,04-17-2022,11:19:54,9,独占,DC,人,883,3
67,04-17-2022,11:19:54,10,分享,CD,人,799,2
67,04-17-2022,11:19:54,11,分享,CD,人,1856,3
67,04-17-2022,11:19:54,12,,,,,
67,04-17-2022,11:19:54,13,,,,,
67,04-17-2022,11:19:54,14,独占,DC,电脑,999,4
67,04-17-2022,11:19:54,15,独占,DC,电脑,884,4
67,04-17-2022,11:19:54,16,独占,DC,电脑,431,4
67,04-17-2022,11:19:54,17,分享,CD,电脑,388,4
67,04-17-2022,11:19:54,18,独占,DD,电脑,739,3
67,04-17-2022,11:19:54,19,分享,CD,电脑,581,3
67,04-17-2022,11:19:54,20,独占,DC,电脑,388,4
67,04-17-2022,11:19:54,21,独占,DC,电脑,421,4
67,04-17-2022,11:19:54,22,独占,DD,电脑,477,4
67,04-17-2022,11:19:54,23,独占,DC,电脑,323,4
67,04-17-2022,11:19:54,24,,,,,
67,04-17-2022,11:19:54,25,,,,,
67,04-17-2022,11:19:54,26,分享,CD,人,2167,4
67,04-17-2022,11:19:54,27,分享,CD,人,1534,4
67,04-17-2022,11:19:54,28,独占,DD,人,360,3
67,04-17-2022,11:19:54,29,独占,DD,人,375,3
67,04-17-2022,11:19:54,30,独占,DC,人,345,3
67,04-17-2022,11:19:54,31,独占,DC,人,491,3
67,04-17-2022,11:19:54,32,分享,CC,人,435,5
67,04-17-2022,11:19:54,33,分享,CC,人,635,5
67,04-17-2022,11:19:54,34,分享,CC,人,859,5
67,04-17-2022,11:19:54,35,分享,CC,人,602,5
67,04-17-2022,11:19:54,36,,,,,
67,04-17-2022,11:19:54,37,,,,,
67,04-17-2022,11:19:54,38,独占,DD,电脑,768,4
67,04-17-2022,11:19:54,39,独占,DD,电脑,524,4
67,04-17-2022,11:19:54,40,独占,DD,电脑,393,4
67,04-17-2022,11:19:54,41,分享,CD,电脑,795,3
67,04-17-2022,11:19:54,42,独占,DC,电脑,485,3
67,04-17-2022,11:19:54,43,独占,DD,电脑,488,3
67,04-17-2022,11:19:54,44,分享,CD,电脑,727,3
67,04-17-2022,11:19:54,45,独占,DC,电脑,373,3
67,04-17-2022,11:19:54,46,分享,CC,电脑,933,5
67,04-17-2022,11:19:54,47,分享,CC,电脑,382,4
87,01-27-2022,14:22:44,1,,,,,
87,01-27-2022,14:22:44,2,分享,CD,人,3373,5
87,01-27-2022,14:22:44,3,分享,CC,人,7199,5
87,01-27-2022,14:22:44,4,分享,CC,人,2605,4
87,01-27-2022,14:22:44,5,分享,CD,人,2256,3
87,01-27-2022,14:22:44,6,独占,DC,人,998,3
87,01-27-2022,14:22:44,7,分享,CC,人,1868,4
87,01-27-2022,14:22:44,8,分享,CC,人,3025,4
87,01-27-2022,14:22:44,9,分享,CD,人,1098,3
87,01-27-2022,14:22:44,10,独占,DC,人,713,3
87,01-27-2022,14:22:44,11,分享,CD,人,833,3
87,01-27-2022,14:22:44,12,,,,,
87,01-27-2022,14:22:44,13,,,,,
87,01-27-2022,14:22:44,14,分享,CC,电脑,1011,5
87,01-27-2022,14:22:44,15,分享,CD,电脑,2007,5
87,01-27-2022,14:22:44,16,独占,DC,电脑,2585,5
87,01-27-2022,14:22:44,17,独占,DC,电脑,9102,3
87,01-27-2022,14:22:44,18,独占,DD,电脑,602,3
87,01-27-2022,14:22:44,19,分享,CD,电脑,6365,4
87,01-27-2022,14:22:44,20,独占,DD,电脑,707,4
87,01-27-2022,14:22:44,21,独占,DC,电脑,587,4
87,01-27-2022,14:22:44,22,分享,CD,电脑,922,3
87,01-27-2022,14:22:44,23,独占,DD,电脑,1486,2
87,01-27-2022,14:22:44,24,,,,,
87,01-27-2022,14:22:44,25,,,,,
87,01-27-2022,14:22:44,26,独占,DC,人,2346,3
87,01-27-2022,14:22:44,27,分享,CD,人,528,3
87,01-27-2022,14:22:44,28,分享,CD,人,383,4
87,01-27-2022,14:22:44,29,分享,CC,人,641,5
87,01-27-2022,14:22:44,30,分享,CD,人,4020,3
87,01-27-2022,14:22:44,31,独占,DD,人,517,4
87,01-27-2022,14:22:44,32,独占,DD,人,504,4
87,01-27-2022,14:22:44,33,独占,DC,人,1594,3
87,01-27-2022,14:22:44,34,分享,CD,人,1260,3
87,01-27-2022,14:22:44,35,独占,DC,人,461,4
87,01-27-2022,14:22:44,36,,,,,
87,01-27-2022,14:22:44,37,,,,,
87,01-27-2022,14:22:44,38,独占,DD,电脑,3711,3
87,01-27-2022,14:22:44,39,独占,DC,电脑,497,4
87,01-27-2022,14:22:44,40,独占,DD,电脑,474,2
87,01-27-2022,14:22:44,41,独占,DC,电脑,524,3
87,01-27-2022,14:22:44,42,分享,CC,电脑,548,4
87,01-27-2022,14:22:44,43,分享,CC,电脑,1081,4
87,01-27-2022,14:22:44,44,独占,DC,电脑,482,3
87,01-27-2022,14:22:44,45,独占,DD,电脑,401,4
87,01-27-2022,14:22:44,46,分享,CC,电脑,506,5
87,01-27-2022,14:22:44,47,独占,DD,电脑,549,4
106,04-10-2022,13:59:15,1,,,,,
106,04-10-2022,13:59:15,2,分享,CD,人,1098,1
106,04-10-2022,13:59:15,3,独占,DD,人,1585,4
106,04-10-2022,13:59:15,4,独占,DC,人,866,5
106,04-10-2022,13:59:15,5,分享,CC,人,803,4
106,04-10-2022,13:59:15,6,独占,DC,人,318,5
106,04-10-2022,13:59:15,7,独占,DD,人,416,1
106,04-10-2022,13:59:15,8,分享,CC,人,438,3
106,04-10-2022,13:59:15,9,独占,DC,人,561,5
106,04-10-2022,13:59:15,10,分享,CC,人,332,3
106,04-10-2022,13:59:15,11,独占,DC,人,338,5
106,04-10-2022,13:59:15,12,,,,,
106,04-10-2022,13:59:15,13,,,,,
106,04-10-2022,13:59:15,14,独占,DC,电脑,367,5
106,04-10-2022,13:59:15,15,分享,CD,电脑,428,1
106,04-10-2022,13:59:15,16,独占,DC,电脑,367,5
106,04-10-2022,13:59:15,17,独占,DC,电脑,357,5
106,04-10-2022,13:59:15,18,独占,DC,电脑,434,5
106,04-10-2022,13:59:15,19,独占,DC,电脑,363,5
106,04-10-2022,13:59:15,20,独占,DD,电脑,326,1
106,04-10-2022,13:59:15,21,分享,CD,电脑,403,5
106,04-10-2022,13:59:15,22,独占,DC,电脑,325,5
106,04-10-2022,13:59:15,23,独占,DC,电脑,292,5
106,04-10-2022,13:59:15,24,,,,,
106,04-10-2022,13:59:15,25,,,,,
106,04-10-2022,13:59:15,26,独占,DD,人,322,3
106,04-10-2022,13:59:15,27,独占,DC,人,962,5
106,04-10-2022,13:59:15,28,独占,DC,人,533,5
106,04-10-2022,13:59:15,29,独占,DC,人,684,5
106,04-10-2022,13:59:15,30,独占,DD,人,283,3
106,04-10-2022,13:59:15,31,独占,DD,人,382,3
106,04-10-2022,13:59:15,32,独占,DD,人,1040,3
106,04-10-2022,13:59:15,33,独占,DD,人,709,3
106,04-10-2022,13:59:15,34,独占,DD,人,483,3
106,04-10-2022,13:59:15,35,分享,CD,人,686,1
106,04-10-2022,13:59:15,36,,,,,
106,04-10-2022,13:59:15,37,,,,,
106,04-10-2022,13:59:15,38,独占,DD,电脑,241,3
106,04-10-2022,13:59:15,39,独占,DC,电脑,494,5
106,04-10-2022,13:59:15,40,独占,DD,电脑,592,3
106,04-10-2022,13:59:15,41,独占,DD,电脑,399,3
106,04-10-2022,13:59:15,42,独占,DC,电脑,526,5
106,04-10-2022,13:59:15,43,独占,DD,电脑,844,3
106,04-10-2022,13:59:15,44,独占,DD,电脑,679,3
106,04-10-2022,13:59:15,45,独占,DD,电脑,250,3
106,04-10-2022,13:59:15,46,独占,DD,电脑,292,3
106,04-10-2022,13:59:15,47,独占,DC,电脑,403,3
108,09-10-2022,10:19:01,1,,,,,
108,09-10-2022,10:19:01,2,分享,CD,人,4814,2
108,09-10-2022,10:19:01,3,独占,DC,人,3031,3
108,09-10-2022,10:19:01,4,独占,DD,人,3240,3
108,09-10-2022,10:19:01,5,分享,CD,人,1121,1
108,09-10-2022,10:19:01,6,分享,CD,人,1777,1
108,09-10-2022,10:19:01,7,独占,DC,人,395,3
108,09-10-2022,10:19:01,8,独占,DC,人,1733,4
108,09-10-2022,10:19:01,9,分享,CC,人,756,3
108,09-10-2022,10:19:01,10,独占,DC,人,638,3
108,09-10-2022,10:19:01,11,分享,CC,人,9530,3
108,09-10-2022,10:19:01,12,,,,,
108,09-10-2022,10:19:01,13,,,,,
108,09-10-2022,10:19:01,14,独占,DD,电脑,3263,3
108,09-10-2022,10:19:01,15,独占,DD,电脑,2164,3
108,09-10-2022,10:19:01,16,独占,DC,电脑,3554,3
108,09-10-2022,10:19:01,17,分享,CC,电脑,307,4
108,09-10-2022,10:19:01,18,分享,CC,电脑,2084,3
108,09-10-2022,10:19:01,19,独占,DD,电脑,678,3
108,09-10-2022,10:19:01,20,分享,CC,电脑,1320,3
108,09-10-2022,10:19:01,21,独占,DD,电脑,283,3
108,09-10-2022,10:19:01,22,分享,CD,电脑,1050,2
108,09-10-2022,10:19:01,23,独占,DC,电脑,685,4
108,09-10-2022,10:19:01,24,,,,,
108,09-10-2022,10:19:01,25,,,,,
108,09-10-2022,10:19:01,26,独占,DC,人,1862,4
108,09-10-2022,10:19:01,27,分享,CD,人,409,3
108,09-10-2022,10:19:01,28,独占,DC,人,417,3
108,09-10-2022,10:19:01,29,独占,DD,人,972,4
108,09-10-2022,10:19:01,30,分享,CC,人,1568,4
108,09-10-2022,10:19:01,31,独占,DD,人,670,3
108,09-10-2022,10:19:01,32,分享,CC,人,1054,3
108,09-10-2022,10:19:01,33,分享,CD,人,1718,3
108,09-10-2022,10:19:01,34,独占,DD,人,562,3
108,09-10-2022,10:19:01,35,独占,DD,人,493,3
108,09-10-2022,10:19:01,36,,,,,
108,09-10-2022,10:19:01,37,,,,,
108,09-10-2022,10:19:01,38,分享,CD,电脑,740,3
108,09-10-2022,10:19:01,39,独占,DD,电脑,421,2
108,09-10-2022,10:19:01,40,独占,DC,电脑,1698,3
108,09-10-2022,10:19:01,41,分享,CC,电脑,330,4
108,09-10-2022,10:19:01,42,独占,DD,电脑,402,3
108,09-10-2022,10:19:01,43,分享,CD,电脑,214,2
108,09-10-2022,10:19:01,44,独占,DC,电脑,829,3
108,09-10-2022,10:19:01,45,独占,DD,电脑,667,3
108,09-10-2022,10:19:01,46,分享,CC,电脑,743,3
108,09-10-2022,10:19:01,47,独占,DC,电脑,1283,3
144,09-10-2022,14:37:29,1,,,,,
144,09-10-2022,14:37:29,2,分享,CC,人,4317,5
144,09-10-2022,14:37:29,3,分享,CD,人,1500,3
144,09-10-2022,14:37:29,4,独占,DD,人,1283,3
144,09-10-2022,14:37:29,5,分享,CC,人,1235,5
144,09-10-2022,14:37:29,6,独占,DC,人,1203,3
144,09-10-2022,14:37:29,7,分享,CC,人,797,5
144,09-10-2022,14:37:29,8,分享,CD,人,1271,3
144,09-10-2022,14:37:29,9,独占,DC,人,775,3
144,09-10-2022,14:37:29,10,分享,CD,人,597,3
144,09-10-2022,14:37:29,11,独占,DD,人,650,4
144,09-10-2022,14:37:29,12,,,,,
144,09-10-2022,14:37:29,13,,,,,
144,09-10-2022,14:37:29,14,独占,DC,电脑,427,3
144,09-10-2022,14:37:29,15,独占,DC,电脑,367,3
144,09-10-2022,14:37:29,16,独占,DC,电脑,436,4
144,09-10-2022,14:37:29,17,分享,CC,电脑,302,3
144,09-10-2022,14:37:29,18,分享,CC,电脑,315,3
144,09-10-2022,14:37:29,19,分享,CD,电脑,441,4
144,09-10-2022,14:37:29,20,独占,DD,电脑,444,3
144,09-10-2022,14:37:29,21,独占,DD,电脑,365,3
144,09-10-2022,14:37:29,22,独占,DC,电脑,320,3
144,09-10-2022,14:37:29,23,分享,CD,电脑,425,4
144,09-10-2022,14:37:29,24,,,,,
144,09-10-2022,14:37:29,25,,,,,
144,09-10-2022,14:37:29,26,分享,CC,人,733,3
144,09-10-2022,14:37:29,27,分享,CD,人,1227,3
144,09-10-2022,14:37:29,28,独占,DC,人,459,3
144,09-10-2022,14:37:29,29,分享,CD,人,494,3
144,09-10-2022,14:37:29,30,分享,CD,人,402,4
144,09-10-2022,14:37:29,31,独占,DD,人,311,3
144,09-10-2022,14:37:29,32,分享,CC,人,377,5
144,09-10-2022,14:37:29,33,分享,CC,人,476,5
144,09-10-2022,14:37:29,34,分享,CD,人,441,3
144,09-10-2022,14:37:29,35,分享,CC,人,1339,3
144,09-10-2022,14:37:29,36,,,,,
144,09-10-2022,14:37:29,37,,,,,
144,09-10-2022,14:37:29,38,分享,CC,电脑,2714,4
144,09-10-2022,14:37:29,39,独占,DD,电脑,525,3
144,09-10-2022,14:37:29,40,分享,CC,电脑,709,3
144,09-10-2022,14:37:29,41,独占,DC,电脑,397,3
144,09-10-2022,14:37:29,42,分享,CD,电脑,579,4
144,09-10-2022,14:37:29,43,分享,CD,电脑,2142,4
144,09-10-2022,14:37:29,44,独占,DD,电脑,382,4
144,09-10-2022,14:37:29,45,分享,CD,电脑,504,3
144,09-10-2022,14:37:29,46,分享,CC,电脑,2256,3
144,09-10-2022,14:37:29,47,分享,CD,电脑,435,3
145,09-24-2022,12:06:55,1,,,,,
145,09-24-2022,12:06:55,2,分享,CD,人,2427,3
145,09-24-2022,12:06:55,3,独占,DD,人,2007,1
145,09-24-2022,12:06:55,4,独占,DC,人,2983,4
145,09-24-2022,12:06:55,5,独占,DC,人,1337,3
145,09-24-2022,12:06:55,6,分享,CC,人,898,5
145,09-24-2022,12:06:55,7,独占,DC,人,2297,3
145,09-24-2022,12:06:55,8,分享,CD,人,1790,2
145,09-24-2022,12:06:55,9,独占,DC,人,1311,3
145,09-24-2022,12:06:55,10,分享,CD,人,1440,1
145,09-24-2022,12:06:55,11,独占,DC,人,1171,3
145,09-24-2022,12:06:55,12,,,,,
145,09-24-2022,12:06:55,13,,,,,
145,09-24-2022,12:06:55,14,独占,DC,电脑,1202,5
145,09-24-2022,12:06:55,15,独占,DD,电脑,2702,1
145,09-24-2022,12:06:55,16,分享,CD,电脑,13727,4
145,09-24-2022,12:06:55,17,独占,DC,电脑,3398,5
145,09-24-2022,12:06:55,18,分享,CC,电脑,5486,5
145,09-24-2022,12:06:55,19,分享,CC,电脑,4993,4
145,09-24-2022,12:06:55,20,独占,DC,电脑,2782,4
145,09-24-2022,12:06:55,21,分享,CC,电脑,5268,5
145,09-24-2022,12:06:55,22,独占,DC,电脑,1828,3
145,09-24-2022,12:06:55,23,分享,CC,电脑,1641,5
145,09-24-2022,12:06:55,24,,,,,
145,09-24-2022,12:06:55,25,,,,,
145,09-24-2022,12:06:55,26,独占,DD,人,4744,2
145,09-24-2022,12:06:55,27,独占,DC,人,2882,5
145,09-24-2022,12:06:55,28,分享,CD,人,1521,5
145,09-24-2022,12:06:55,29,独占,DD,人,1133,4
145,09-24-2022,12:06:55,30,独占,DC,人,1365,5
145,09-24-2022,12:06:55,31,分享,CD,人,1183,1
145,09-24-2022,12:06:55,32,独占,DD,人,671,1
145,09-24-2022,12:06:55,33,分享,CC,人,1136,5
145,09-24-2022,12:06:55,34,独占,DD,人,1266,2
145,09-24-2022,12:06:55,35,分享,CC,人,618,3
145,09-24-2022,12:06:55,36,,,,,
145,09-24-2022,12:06:55,37,,,,,
145,09-24-2022,12:06:55,38,分享,CD,电脑,4183,2
145,09-24-2022,12:06:55,39,独占,DD,电脑,323,3
145,09-24-2022,12:06:55,40,独占,DD,电脑,432,3
145,09-24-2022,12:06:55,41,独占,DC,电脑,368,4
145,09-24-2022,12:06:55,42,独占,DD,电脑,1654,4
145,09-24-2022,12:06:55,43,分享,CC,电脑,635,3
145,09-24-2022,12:06:55,44,独占,DD,电脑,486,3
145,09-24-2022,12:06:55,45,独占,DD,电脑,649,2
145,09-24-2022,12:06:55,46,分享,CD,电脑,206,1
145,09-24-2022,12:06:55,47,独占,DD,电脑,3020,2
8,08-22-2022,14:54:45,1,,,,,
8,08-22-2022,14:54:45,2,独占,DD,人,34483,4
8,08-22-2022,14:54:45,3,独占,DD,人,56108,4
8,08-22-2022,14:54:45,4,独占,DD,人,4875,4
8,08-22-2022,14:54:45,5,分享,CD,人,1017,1
8,08-22-2022,14:54:45,6,独占,DC,人,1612,5
8,08-22-2022,14:54:45,7,独占,DD,人,1896,4
8,08-22-2022,14:54:45,8,独占,DC,人,2204,5
8,08-22-2022,14:54:45,9,独占,DD,人,1399,4
8,08-22-2022,14:54:45,10,分享,CC,人,1527,4
8,08-22-2022,14:54:45,11,独占,DD,人,429,4
8,08-22-2022,14:54:45,12,,,,,
8,08-22-2022,14:54:45,13,,,,,
8,08-22-2022,14:54:45,14,独占,DC,电脑,5573,5
8,08-22-2022,14:54:45,15,独占,DD,电脑,665,4
8,08-22-2022,14:54:45,16,独占,DD,电脑,375,4
8,08-22-2022,14:54:45,17,独占,DC,电脑,765,5
8,08-22-2022,14:54:45,18,分享,CD,电脑,595,1
8,08-22-2022,14:54:45,19,独占,DC,电脑,1920,5
8,08-22-2022,14:54:45,20,独占,DC,电脑,1462,5
8,08-22-2022,14:54:45,21,独占,DD,电脑,1147,4
8,08-22-2022,14:54:45,22,独占,DC,电脑,1051,5
8,08-22-2022,14:54:45,23,独占,DC,电脑,984,5
8,08-22-2022,14:54:45,24,,,,,
8,08-22-2022,14:54:45,25,,,,,
8,08-22-2022,14:54:45,26,分享,CD,人,3964,1
8,08-22-2022,14:54:45,27,独占,DC,人,665,5
8,08-22-2022,14:54:45,28,分享,CC,人,305,4
8,08-22-2022,14:54:45,29,独占,DC,人,279,5
8,08-22-2022,14:54:45,30,独占,DC,人,315,5
8,08-22-2022,14:54:45,31,分享,CC,人,1964,4
8,08-22-2022,14:54:45,32,独占,DC,人,403,5
8,08-22-2022,14:54:45,33,分享,CD,人,381,1
8,08-22-2022,14:54:45,34,独占,DC,人,1957,5
8,08-22-2022,14:54:45,35,独占,DD,人,1166,4
8,08-22-2022,14:54:45,36,,,,,
8,08-22-2022,14:54:45,37,,,,,
8,08-22-2022,14:54:45,38,独占,DD,电脑,1535,4
8,08-22-2022,14:54:45,39,分享,CD,电脑,280,1
8,08-22-2022,14:54:45,40,分享,CC,电脑,945,4
8,08-22-2022,14:54:45,41,分享,CC,电脑,385,4
8,08-22-2022,14:54:45,42,独占,DD,电脑,758,4
8,08-22-2022,14:54:45,43,独占,DD,电脑,363,4
8,08-22-2022,14:54:45,44,分享,CC,电脑,1887,4
8,08-22-2022,14:54:45,45,独占,DD,电脑,551,4
8,08-22-2022,14:54:45,46,独占,DD,电脑,427,4
8,08-22-2022,14:54:45,47,分享,CC,电脑,564,4
10,08-29-2022,11:08:13,1,,,,,
10,08-29-2022,11:08:13,2,独占,DC,人,2231,4
10,08-29-2022,11:08:13,3,分享,CD,人,2035,2
10,08-29-2022,11:08:13,4,独占,DD,人,1627,3
10,08-29-2022,11:08:13,5,独占,DD,人,6463,3
10,08-29-2022,11:08:13,6,独占,DC,人,7114,4
10,08-29-2022,11:08:13,7,分享,CC,人,3678,5
10,08-29-2022,11:08:13,8,分享,CC,人,3071,5
10,08-29-2022,11:08:13,9,独占,DD,人,3017,4
10,08-29-2022,11:08:13,10,独占,DC,人,2880,3
10,08-29-2022,11:08:13,11,分享,CC,人,3616,5
10,08-29-2022,11:08:13,12,,,,,
10,08-29-2022,11:08:13,13,,,,,
10,08-29-2022,11:08:13,14,分享,CC,电脑,2483,4
10,08-29-2022,11:08:13,15,分享,CD,电脑,1281,2
10,08-29-2022,11:08:13,16,独占,DC,电脑,1209,4
10,08-29-2022,11:08:13,17,分享,CC,电脑,356,4
10,08-29-2022,11:08:13,18,独占,DD,电脑,2350,4
10,08-29-2022,11:08:13,19,分享,CD,电脑,1679,4
10,08-29-2022,11:08:13,20,独占,DC,电脑,1736,3
10,08-29-2022,11:08:13,21,独占,DC,电脑,2134,3
10,08-29-2022,11:08:13,22,分享,CD,电脑,445,3
10,08-29-2022,11:08:13,23,分享,CD,电脑,1624,2
10,08-29-2022,11:08:13,24,,,,,
10,08-29-2022,11:08:13,25,,,,,
10,08-29-2022,11:08:13,26,分享,CC,人,2215,4
10,08-29-2022,11:08:13,27,分享,CC,人,1130,4
10,08-29-2022,11:08:13,28,独占,DD,人,312,3
10,08-29-2022,11:08:13,29,独占,DD,人,580,4
10,08-29-2022,11:08:13,30,独占,DC,人,2129,4
10,08-29-2022,11:08:13,31,分享,CD,人,473,2
10,08-29-2022,11:08:13,32,分享,CD,人,499,3
10,08-29-2022,11:08:13,33,独占,DC,人,351,3
10,08-29-2022,11:08:13,34,独占,DD,人,825,2
10,08-29-2022,11:08:13,35,独占,DD,人,992,2
10,08-29-2022,11:08:13,36,,,,,
10,08-29-2022,11:08:13,37,,,,,
10,08-29-2022,11:08:13,38,分享,CD,电脑,47,3
10,08-29-2022,11:08:13,39,分享,CD,电脑,1002,3
10,08-29-2022,11:08:13,40,独占,DD,电脑,372,3
10,08-29-2022,11:08:13,41,独占,DD,电脑,334,2
10,08-29-2022,11:08:13,42,分享,CC,电脑,673,4
10,08-29-2022,11:08:13,43,分享,CC,电脑,423,5
10,08-29-2022,11:08:13,44,独占,DC,电脑,748,4
10,08-29-2022,11:08:13,45,分享,CC,电脑,693,5
10,08-29-2022,11:08:13,46,分享,CD,电脑,22,2
10,08-29-2022,11:08:13,47,独占,DC,电脑,590,4
45,03-13-2022,11:52:03,1,,,,,
45,03-13-2022,11:52:03,2,独占,DD,人,11339,1
45,03-13-2022,11:52:03,3,分享,CC,人,5531,4
45,03-13-2022,11:52:03,4,分享,CC,人,5551,2
45,03-13-2022,11:52:03,5,分享,CC,人,3248,2
45,03-13-2022,11:52:03,6,分享,CC,人,3686,2
45,03-13-2022,11:52:03,7,分享,CD,人,13444,1
45,03-13-2022,11:52:03,8,分享,CD,人,1422,1
45,03-13-2022,11:52:03,9,独占,DD,人,1642,1
45,03-13-2022,11:52:03,10,分享,CD,人,846,1
45,03-13-2022,11:52:03,11,分享,CC,人,1341,2
45,03-13-2022,11:52:03,12,,,,,
45,03-13-2022,11:52:03,13,,,,,
45,03-13-2022,11:52:03,14,独占,DD,电脑,4176,1
45,03-13-2022,11:52:03,15,独占,DC,电脑,1340,5
45,03-13-2022,11:52:03,16,独占,DD,电脑,383,1
45,03-13-2022,11:52:03,17,独占,DC,电脑,786,5
45,03-13-2022,11:52:03,18,独占,DD,电脑,366,1
45,03-13-2022,11:52:03,19,独占,DD,电脑,715,1
45,03-13-2022,11:52:03,20,独占,DD,电脑,861,1
45,03-13-2022,11:52:03,21,独占,DD,电脑,1730,1
45,03-13-2022,11:52:03,22,独占,DC,电脑,893,5
45,03-13-2022,11:52:03,23,独占,DD,电脑,487,1
45,03-13-2022,11:52:03,24,,,,,
45,03-13-2022,11:52:03,25,,,,,
45,03-13-2022,11:52:03,26,分享,CC,人,502,3
45,03-13-2022,11:52:03,27,分享,CD,人,572,1
45,03-13-2022,11:52:03,28,分享,CD,人,855,1
45,03-13-2022,11:52:03,29,独占,DD,人,345,1
45,03-13-2022,11:52:03,30,独占,DC,人,397,5
45,03-13-2022,11:52:03,31,独占,DC,人,470,5
45,03-13-2022,11:52:03,32,独占,DD,人,637,1
45,03-13-2022,11:52:03,33,分享,CD,人,516,1
45,03-13-2022,11:52:03,34,分享,CC,人,812,3
45,03-13-2022,11:52:03,35,分享,CC,人,759,3
45,03-13-2022,11:52:03,36,,,,,
45,03-13-2022,11:52:03,37,,,,,
45,03-13-2022,11:52:03,38,独占,DC,电脑,313,5
45,03-13-2022,11:52:03,39,独占,DC,电脑,344,5
45,03-13-2022,11:52:03,40,独占,DC,电脑,349,5
45,03-13-2022,11:52:03,41,独占,DD,电脑,910,1
45,03-13-2022,11:52:03,42,独占,DD,电脑,1004,1
45,03-13-2022,11:52:03,43,独占,DD,电脑,526,1
45,03-13-2022,11:52:03,44,独占,DC,电脑,295,5
45,03-13-2022,11:52:03,45,独占,DC,电脑,355,5
45,03-13-2022,11:52:03,46,独占,DC,电脑,395,5
45,03-13-2022,11:52:03,47,独占,DC,电脑,541,5
50,08-11-2022,11:04:45,1,,,,,
50,08-11-2022,11:04:45,2,分享,CD,人,3571,1
50,08-11-2022,11:04:45,3,独占,DC,人,889,5
50,08-11-2022,11:04:45,4,独占,DD,人,2699,3
50,08-11-2022,11:04:45,5,分享,CD,人,5374,1
50,08-11-2022,11:04:45,6,独占,DC,人,1381,5
50,08-11-2022,11:04:45,7,独占,DD,人,3838,3
50,08-11-2022,11:04:45,8,独占,DC,人,1121,3
50,08-11-2022,11:04:45,9,分享,CD,人,2004,1
50,08-11-2022,11:04:45,10,独占,DD,人,734,3
50,08-11-2022,11:04:45,11,独占,DC,人,1978,5
50,08-11-2022,11:04:45,12,,,,,
50,08-11-2022,11:04:45,13,,,,,
50,08-11-2022,11:04:45,14,独占,DC,电脑,1528,5
50,08-11-2022,11:04:45,15,独占,DD,电脑,873,5
50,08-11-2022,11:04:45,16,分享,CD,电脑,367,1
50,08-11-2022,11:04:45,17,独占,DC,电脑,349,3
50,08-11-2022,11:04:45,18,独占,DC,电脑,2348,5
50,08-11-2022,11:04:45,19,分享,CD,电脑,975,1
50,08-11-2022,11:04:45,20,独占,DD,电脑,974,3
50,08-11-2022,11:04:45,21,独占,DD,电脑,1328,3
50,08-11-2022,11:04:45,22,独占,DC,电脑,650,5
50,08-11-2022,11:04:45,23,独占,DC,电脑,2814,5
50,08-11-2022,11:04:45,24,,,,,
50,08-11-2022,11:04:45,25,,,,,
50,08-11-2022,11:04:45,26,独占,DC,人,2060,5
50,08-11-2022,11:04:45,27,分享,CC,人,5973,4
50,08-11-2022,11:04:45,28,独占,DD,人,1676,3
50,08-11-2022,11:04:45,29,独占,DD,人,2966,3
50,08-11-2022,11:04:45,30,独占,DC,人,1983,4
50,08-11-2022,11:04:45,31,分享,CD,人,889,1
50,08-11-2022,11:04:45,32,分享,CC,人,2583,3
50,08-11-2022,11:04:45,33,独占,DC,人,1257,5
50,08-11-2022,11:04:45,34,独占,DC,人,3064,4
50,08-11-2022,11:04:45,35,独占,DD,人,3015,4
50,08-11-2022,11:04:45,36,,,,,
50,08-11-2022,11:04:45,37,,,,,
50,08-11-2022,11:04:45,38,独占,DD,电脑,973,3
50,08-11-2022,11:04:45,39,独占,DC,电脑,439,3
50,08-11-2022,11:04:45,40,独占,DC,电脑,498,4
50,08-11-2022,11:04:45,41,独占,DD,电脑,314,4
50,08-11-2022,11:04:45,42,独占,DD,电脑,2490,3
50,08-11-2022,11:04:45,43,分享,CC,电脑,437,5
50,08-11-2022,11:04:45,44,分享,CD,电脑,580,1
50,08-11-2022,11:04:45,45,独占,DC,电脑,1562,3
50,08-11-2022,11:04:45,46,独占,DD,电脑,4166,4
50,08-11-2022,11:04:45,47,分享,CC,电脑,777,3
66,03-20-2022,16:10:53,1,,,,,
66,03-20-2022,16:10:53,2,独占,DC,人,4374,5
66,03-20-2022,16:10:53,3,分享,CC,人,3654,5
66,03-20-2022,16:10:53,4,独占,DC,人,1117,5
66,03-20-2022,16:10:53,5,独占,DD,人,1247,5
66,03-20-2022,16:10:53,6,独占,DC,人,1978,5
66,03-20-2022,16:10:53,7,分享,CC,人,1184,5
66,03-20-2022,16:10:53,8,独占,DC,人,807,5
66,03-20-2022,16:10:53,9,独占,DD,人,648,3
66,03-20-2022,16:10:53,10,分享,CC,人,672,5
66,03-20-2022,16:10:53,11,独占,DD,人,343,5
66,03-20-2022,16:10:53,12,,,,,
66,03-20-2022,16:10:53,13,,,,,
66,03-20-2022,16:10:53,14,独占,DC,电脑,1037,5
66,03-20-2022,16:10:53,15,分享,CD,电脑,585,3
66,03-20-2022,16:10:53,16,分享,CD,电脑,1341,3
66,03-20-2022,16:10:53,17,独占,DC,电脑,313,5
66,03-20-2022,16:10:53,18,独占,DC,电脑,475,5
66,03-20-2022,16:10:53,19,独占,DC,电脑,422,5
66,03-20-2022,16:10:53,20,独占,DC,电脑,475,3
66,03-20-2022,16:10:53,21,独占,DD,电脑,617,5
66,03-20-2022,16:10:53,22,独占,DC,电脑,605,3
66,03-20-2022,16:10:53,23,独占,DC,电脑,723,3
66,03-20-2022,16:10:53,24,,,,,
66,03-20-2022,16:10:53,25,,,,,
66,03-20-2022,16:10:53,26,独占,DD,人,625,3
66,03-20-2022,16:10:53,27,独占,DC,人,487,3
66,03-20-2022,16:10:53,28,独占,DD,人,197,3
66,03-20-2022,16:10:53,29,独占,DC,人,139,3
66,03-20-2022,16:10:53,30,独占,DD,人,405,5
66,03-20-2022,16:10:53,31,独占,DD,人,1816,3
66,03-20-2022,16:10:53,32,独占,DC,人,1093,3
66,03-20-2022,16:10:53,33,独占,DD,人,470,3
66,03-20-2022,16:10:53,34,分享,CD,人,984,2
66,03-20-2022,16:10:53,35,独占,DD,人,857,3
66,03-20-2022,16:10:53,36,,,,,
66,03-20-2022,16:10:53,37,,,,,
66,03-20-2022,16:10:53,38,独占,DD,电脑,382,3
66,03-20-2022,16:10:53,39,分享,CD,电脑,384,3
66,03-20-2022,16:10:53,40,分享,CD,电脑,308,3
66,03-20-2022,16:10:53,41,独占,DC,电脑,282,3
66,03-20-2022,16:10:53,42,独占,DD,电脑,360,3
66,03-20-2022,16:10:53,43,独占,DD,电脑,364,3
66,03-20-2022,16:10:53,44,独占,DD,电脑,527,3
66,03-20-2022,16:10:53,45,独占,DC,电脑,411,3
66,03-20-2022,16:10:53,46,独占,DD,电脑,368,3
66,03-20-2022,16:10:53,47,独占,DC,电脑,458,3
78,08-07-2022,10:58:15,1,,,,,
78,08-07-2022,10:58:15,2,分享,CD,人,10580,3
78,08-07-2022,10:58:15,3,独占,DD,人,3760,1
78,08-07-2022,10:58:15,4,独占,DC,人,12358,5
78,08-07-2022,10:58:15,5,独占,DC,人,6295,5
78,08-07-2022,10:58:15,6,独占,DC,人,9343,5
78,08-07-2022,10:58:15,7,独占,DD,人,635,5
78,08-07-2022,10:58:15,8,独占,DD,人,10762,5
78,08-07-2022,10:58:15,9,独占,DD,人,1843,5
78,08-07-2022,10:58:15,10,分享,CC,人,8215,4
78,08-07-2022,10:58:15,11,独占,DD,人,4840,4
78,08-07-2022,10:58:15,12,,,,,
78,08-07-2022,10:58:15,13,,,,,
78,08-07-2022,10:58:15,14,独占,DD,电脑,3611,5
78,08-07-2022,10:58:15,15,独占,DC,电脑,673,5
78,08-07-2022,10:58:15,16,独占,DD,电脑,795,4
78,08-07-2022,10:58:15,17,独占,DD,电脑,971,2
78,08-07-2022,10:58:15,18,独占,DD,电脑,778,2
78,08-07-2022,10:58:15,19,分享,CC,电脑,3809,4
78,08-07-2022,10:58:15,20,独占,DC,电脑,1308,5
78,08-07-2022,10:58:15,21,独占,DC,电脑,772,5
78,08-07-2022,10:58:15,22,独占,DC,电脑,1446,5
78,08-07-2022,10:58:15,23,独占,DC,电脑,884,5
78,08-07-2022,10:58:15,24,,,,,
78,08-07-2022,10:58:15,25,,,,,
78,08-07-2022,10:58:15,26,分享,CC,人,4046,4
78,08-07-2022,10:58:15,27,分享,CC,人,1134,4
78,08-07-2022,10:58:15,28,分享,CC,人,442,4
78,08-07-2022,10:58:15,29,分享,CC,人,1263,5
78,08-07-2022,10:58:15,30,分享,CD,人,584,2
78,08-07-2022,10:58:15,31,独占,DC,人,713,5
78,08-07-2022,10:58:15,32,独占,DD,人,616,3
78,08-07-2022,10:58:15,33,分享,CC,人,2995,5
78,08-07-2022,10:58:15,34,分享,CD,人,1082,1
78,08-07-2022,10:58:15,35,独占,DD,人,1258,3
78,08-07-2022,10:58:15,36,,,,,
78,08-07-2022,10:58:15,37,,,,,
78,08-07-2022,10:58:15,38,独占,DD,电脑,467,3
78,08-07-2022,10:58:15,39,独占,DD,电脑,236,3
78,08-07-2022,10:58:15,40,独占,DC,电脑,346,5
78,08-07-2022,10:58:15,41,独占,DD,电脑,708,3
78,08-07-2022,10:58:15,42,独占,DC,电脑,4619,4
78,08-07-2022,10:58:15,43,独占,DC,电脑,832,4
78,08-07-2022,10:58:15,44,独占,DD,电脑,588,3
78,08-07-2022,10:58:15,45,独占,DD,电脑,646,2
78,08-07-2022,10:58:15,46,独占,DC,电脑,1582,3
78,08-07-2022,10:58:15,47,独占,DD,电脑,285,3
85,08-21-2022,10:41:16,1,,,,,
85,08-21-2022,10:41:16,2,分享,CC,人,1961,4
85,08-21-2022,10:41:16,3,分享,CD,人,2037,2
85,08-21-2022,10:41:16,4,独占,DD,人,1707,3
85,08-21-2022,10:41:16,5,分享,CC,人,2873,4
85,08-21-2022,10:41:16,6,独占,DD,人,1191,2
85,08-21-2022,10:41:16,7,分享,CC,人,2191,4
85,08-21-2022,10:41:16,8,分享,CD,人,1388,3
85,08-21-2022,10:41:16,9,独占,DC,人,2280,3
85,08-21-2022,10:41:16,10,分享,CD,人,2095,2
85,08-21-2022,10:41:16,11,分享,CC,人,1420,4
85,08-21-2022,10:41:16,12,,,,,
85,08-21-2022,10:41:16,13,,,,,
85,08-21-2022,10:41:16,14,分享,CC,电脑,1369,4
85,08-21-2022,10:41:16,15,独占,DC,电脑,525,3
85,08-21-2022,10:41:16,16,独占,DC,电脑,1763,2
85,08-21-2022,10:41:16,17,分享,CD,电脑,487,3
85,08-21-2022,10:41:16,18,分享,CC,电脑,1736,4
85,08-21-2022,10:41:16,19,独占,DC,电脑,851,3
85,08-21-2022,10:41:16,20,分享,CC,电脑,521,4
85,08-21-2022,10:41:16,21,分享,CD,电脑,442,2
85,08-21-2022,10:41:16,22,分享,CD,电脑,847,3
85,08-21-2022,10:41:16,23,独占,DC,电脑,1159,3
85,08-21-2022,10:41:16,24,,,,,
85,08-21-2022,10:41:16,25,,,,,
85,08-21-2022,10:41:16,26,独占,DD,人,2522,3
85,08-21-2022,10:41:16,27,分享,CC,人,205,4
85,08-21-2022,10:41:16,28,分享,CD,人,351,3
85,08-21-2022,10:41:16,29,独占,DC,人,417,3
85,08-21-2022,10:41:16,30,分享,CD,人,575,3
85,08-21-2022,10:41:16,31,分享,CC,人,510,4
85,08-21-2022,10:41:16,32,分享,CC,人,487,4
85,08-21-2022,10:41:16,33,分享,CD,人,1129,2
85,08-21-2022,10:41:16,34,独占,DC,人,2061,3
85,08-21-2022,10:41:16,35,独占,DD,人,380,2
85,08-21-2022,10:41:16,36,,,,,
85,08-21-2022,10:41:16,37,,,,,
85,08-21-2022,10:41:16,38,分享,CD,电脑,232,2
85,08-21-2022,10:41:16,39,独占,DD,电脑,362,3
85,08-21-2022,10:41:16,40,分享,CC,电脑,548,4
85,08-21-2022,10:41:16,41,分享,CC,电脑,586,4
85,08-21-2022,10:41:16,42,分享,CD,电脑,281,2
85,08-21-2022,10:41:16,43,分享,CC,电脑,740,4
85,08-21-2022,10:41:16,44,分享,CD,电脑,607,2
85,08-21-2022,10:41:16,45,独占,DD,电脑,136,3
85,08-21-2022,10:41:16,46,独占,DD,电脑,945,3
85,08-21-2022,10:41:16,47,独占,DD,电脑,328,2
90,08-18-2022,11:04:10,1,,,,,
90,08-18-2022,11:04:10,2,独占,DC,人,1140,4
90,08-18-2022,11:04:10,3,分享,CC,人,1219,5
90,08-18-2022,11:04:10,4,独占,DC,人,1323,3
90,08-18-2022,11:04:10,5,分享,CD,人,999,2
90,08-18-2022,11:04:10,6,独占,DD,人,705,3
90,08-18-2022,11:04:10,7,分享,CD,人,2526,2
90,08-18-2022,11:04:10,8,分享,CD,人,1418,2
90,08-18-2022,11:04:10,9,独占,DD,人,475,3
90,08-18-2022,11:04:10,10,独占,DD,人,2129,3
90,08-18-2022,11:04:10,11,分享,CD,人,609,2
90,08-18-2022,11:04:10,12,,,,,
90,08-18-2022,11:04:10,13,,,,,
90,08-18-2022,11:04:10,14,分享,CC,电脑,1310,5
90,08-18-2022,11:04:10,15,分享,CD,电脑,1134,2
90,08-18-2022,11:04:10,16,独占,DD,电脑,1301,3
90,08-18-2022,11:04:10,17,分享,CC,电脑,1278,5
90,08-18-2022,11:04:10,18,分享,CC,电脑,2016,4
90,08-18-2022,11:04:10,19,独占,DD,电脑,1522,3
90,08-18-2022,11:04:10,20,分享,CC,电脑,3876,5
90,08-18-2022,11:04:10,21,分享,CC,电脑,4071,5
90,08-18-2022,11:04:10,22,分享,CD,电脑,1215,2
90,08-18-2022,11:04:10,23,独占,DC,电脑,1154,3
90,08-18-2022,11:04:10,24,,,,,
90,08-18-2022,11:04:10,25,,,,,
90,08-18-2022,11:04:10,26,分享,CD,人,2363,2
90,08-18-2022,11:04:10,27,分享,CC,人,2221,5
90,08-18-2022,11:04:10,28,分享,CC,人,7243,5
90,08-18-2022,11:04:10,29,独占,DC,人,6229,3
90,08-18-2022,11:04:10,30,分享,CD,人,867,2
90,08-18-2022,11:04:10,31,分享,CC,人,1407,4
90,08-18-2022,11:04:10,32,分享,CD,人,2542,2
90,08-18-2022,11:04:10,33,分享,CC,人,1245,4
90,08-18-2022,11:04:10,34,独占,DC,人,559,3
90,08-18-2022,11:04:10,35,分享,CC,人,707,4
90,08-18-2022,11:04:10,36,,,,,
90,08-18-2022,11:04:10,37,,,,,
90,08-18-2022,11:04:10,38,分享,CC,电脑,621,4
90,08-18-2022,11:04:10,39,独占,DD,电脑,410,4
90,08-18-2022,11:04:10,40,分享,CD,电脑,439,2
90,08-18-2022,11:04:10,41,独占,DD,电脑,1495,4
90,08-18-2022,11:04:10,42,分享,CC,电脑,602,5
90,08-18-2022,11:04:10,43,独占,DD,电脑,2385,3
90,08-18-2022,11:04:10,44,分享,CD,电脑,965,1
90,08-18-2022,11:04:10,45,分享,CC,电脑,697,4
90,08-18-2022,11:04:10,46,独占,DD,电脑,1068,4
90,08-18-2022,11:04:10,47,分享,CC,电脑,460,5
104,08-15-2022,15:23:28,1,,,,,
104,08-15-2022,15:23:28,2,分享,CD,人,6250,2
104,08-15-2022,15:23:28,3,分享,CD,人,826,2
104,08-15-2022,15:23:28,4,分享,CC,人,1004,4
104,08-15-2022,15:23:28,5,独占,DC,人,975,4
104,08-15-2022,15:23:28,6,独占,DD,人,900,3
104,08-15-2022,15:23:28,7,分享,CC,人,1238,4
104,08-15-2022,15:23:28,8,独占,DD,人,740,3
104,08-15-2022,15:23:28,9,分享,CD,人,1094,2
104,08-15-2022,15:23:28,10,分享,CD,人,1735,2
104,08-15-2022,15:23:28,11,分享,CC,人,942,4
104,08-15-2022,15:23:28,12,,,,,
104,08-15-2022,15:23:28,13,,,,,
104,08-15-2022,15:23:28,14,独占,DD,电脑,989,3
104,08-15-2022,15:23:28,15,独占,DC,电脑,500,3
104,08-15-2022,15:23:28,16,独占,DC,电脑,800,3
104,08-15-2022,15:23:28,17,分享,CD,电脑,427,3
104,08-15-2022,15:23:28,18,独占,DD,电脑,361,3
104,08-15-2022,15:23:28,19,独占,DD,电脑,1995,3
104,08-15-2022,15:23:28,20,独占,DC,电脑,359,4
104,08-15-2022,15:23:28,21,独占,DC,电脑,2803,4
104,08-15-2022,15:23:28,22,独占,DD,电脑,873,3
104,08-15-2022,15:23:28,23,分享,CC,电脑,2975,4
104,08-15-2022,15:23:28,24,,,,,
104,08-15-2022,15:23:28,25,,,,,
104,08-15-2022,15:23:28,26,独占,DD,人,974,3
104,08-15-2022,15:23:28,27,分享,CD,人,2838,2
104,08-15-2022,15:23:28,28,分享,CC,人,810,4
104,08-15-2022,15:23:28,29,分享,CC,人,210,4
104,08-15-2022,15:23:28,30,独占,DD,人,360,3
104,08-15-2022,15:23:28,31,独占,DC,人,328,4
104,08-15-2022,15:23:28,32,独占,DC,人,700,4
104,08-15-2022,15:23:28,33,独占,DC,人,953,4
104,08-15-2022,15:23:28,34,独占,DD,人,710,4
104,08-15-2022,15:23:28,35,独占,DC,人,368,4
104,08-15-2022,15:23:28,36,,,,,
104,08-15-2022,15:23:28,37,,,,,
104,08-15-2022,15:23:28,38,独占,DD,电脑,332,3
104,08-15-2022,15:23:28,39,独占,DC,电脑,251,4
104,08-15-2022,15:23:28,40,独占,DC,电脑,300,4
104,08-15-2022,15:23:28,41,分享,CD,电脑,549,2
104,08-15-2022,15:23:28,42,分享,CD,电脑,259,2
104,08-15-2022,15:23:28,43,分享,CD,电脑,261,2
104,08-15-2022,15:23:28,44,独占,DC,电脑,166,4
104,08-15-2022,15:23:28,45,独占,DC,电脑,209,4
104,08-15-2022,15:23:28,46,独占,DC,电脑,916,4
104,08-15-2022,15:23:28,47,独占,DD,电脑,567,4
105,08-08-2022,10:30:55,1,,,,,
105,08-08-2022,10:30:55,2,独占,DD,人,8685,3
105,08-08-2022,10:30:55,3,分享,CC,人,2764,5
105,08-08-2022,10:30:55,4,独占,DD,人,1598,5
105,08-08-2022,10:30:55,5,独占,DD,人,25281,3
105,08-08-2022,10:30:55,6,独占,DC,人,1488,5
105,08-08-2022,10:30:55,7,分享,CD,人,2041,1
105,08-08-2022,10:30:55,8,独占,DC,人,1427,5
105,08-08-2022,10:30:55,9,独占,DD,人,1948,5
105,08-08-2022,10:30:55,10,分享,CC,人,2384,5
105,08-08-2022,10:30:55,11,独占,DD,人,2506,5
105,08-08-2022,10:30:55,12,,,,,
105,08-08-2022,10:30:55,13,,,,,
105,08-08-2022,10:30:55,14,独占,DD,电脑,1625,5
105,08-08-2022,10:30:55,15,分享,CD,电脑,652,5
105,08-08-2022,10:30:55,16,独占,DD,电脑,653,5
105,08-08-2022,10:30:55,17,独占,DC,电脑,645,5
105,08-08-2022,10:30:55,18,独占,DC,电脑,942,5
105,08-08-2022,10:30:55,19,独占,DD,电脑,1244,5
105,08-08-2022,10:30:55,20,独占,DC,电脑,1770,5
105,08-08-2022,10:30:55,21,分享,CD,电脑,945,5
105,08-08-2022,10:30:55,22,独占,DD,电脑,2713,3
105,08-08-2022,10:30:55,23,独占,DD,电脑,856,3
105,08-08-2022,10:30:55,24,,,,,
105,08-08-2022,10:30:55,25,,,,,
105,08-08-2022,10:30:55,26,分享,CD,人,1453,1
105,08-08-2022,10:30:55,27,独占,DC,人,455,5
105,08-08-2022,10:30:55,28,分享,CC,人,1311,5
105,08-08-2022,10:30:55,29,独占,DC,人,950,5
105,08-08-2022,10:30:55,30,独占,DD,人,655,3
105,08-08-2022,10:30:55,31,独占,DC,人,962,5
105,08-08-2022,10:30:55,32,分享,CC,人,1302,5
105,08-08-2022,10:30:55,33,分享,CD,人,384,1
105,08-08-2022,10:30:55,34,独占,DC,人,824,5
105,08-08-2022,10:30:55,35,独占,DD,人,1734,5
105,08-08-2022,10:30:55,36,,,,,
105,08-08-2022,10:30:55,37,,,,,
105,08-08-2022,10:30:55,38,独占,DD,电脑,1595,2
105,08-08-2022,10:30:55,39,独占,DC,电脑,1439,5
105,08-08-2022,10:30:55,40,分享,CC,电脑,2137,3
105,08-08-2022,10:30:55,41,分享,CD,电脑,401,2
105,08-08-2022,10:30:55,42,分享,CD,电脑,1127,3
105,08-08-2022,10:30:55,43,独占,DC,电脑,507,5
105,08-08-2022,10:30:55,44,独占,DC,电脑,304,5
105,08-08-2022,10:30:55,45,独占,DC,电脑,401,5
105,08-08-2022,10:30:55,46,分享,CC,电脑,1115,5
105,08-08-2022,10:30:55,47,分享,CC,电脑,605,5
111,08-16-2022,10:49:26,1,,,,,
111,08-16-2022,10:49:26,2,独占,DC,人,4217,4
111,08-16-2022,10:49:26,3,分享,CC,人,1861,4
111,08-16-2022,10:49:26,4,独占,DC,人,1562,2
111,08-16-2022,10:49:26,5,独占,DC,人,1563,2
111,08-16-2022,10:49:26,6,分享,CC,人,555,5
111,08-16-2022,10:49:26,7,分享,CC,人,818,3
111,08-16-2022,10:49:26,8,独占,DD,人,865,3
111,08-16-2022,10:49:26,9,独占,DD,人,1878,2
111,08-16-2022,10:49:26,10,独占,DD,人,1359,1
111,08-16-2022,10:49:26,11,分享,CD,人,1622,1
111,08-16-2022,10:49:26,12,,,,,
111,08-16-2022,10:49:26,13,,,,,
111,08-16-2022,10:49:26,14,独占,DD,电脑,887,2
111,08-16-2022,10:49:26,15,分享,CC,电脑,874,5
111,08-16-2022,10:49:26,16,独占,DC,电脑,911,4
111,08-16-2022,10:49:26,17,独占,DC,电脑,1016,4
111,08-16-2022,10:49:26,18,独占,DC,电脑,397,4
111,08-16-2022,10:49:26,19,分享,CC,电脑,597,3
111,08-16-2022,10:49:26,20,分享,CD,电脑,1419,1
111,08-16-2022,10:49:26,21,独占,DC,电脑,713,4
111,08-16-2022,10:49:26,22,分享,CC,电脑,1543,3
111,08-16-2022,10:49:26,23,分享,CD,电脑,988,2
111,08-16-2022,10:49:26,24,,,,,
111,08-16-2022,10:49:26,25,,,,,
111,08-16-2022,10:49:26,26,独占,DC,人,1944,4
111,08-16-2022,10:49:26,27,分享,CD,人,2436,1
111,08-16-2022,10:49:26,28,独占,DD,人,866,3
111,08-16-2022,10:49:26,29,独占,DD,人,1903,3
111,08-16-2022,10:49:26,30,分享,CD,人,1435,2
111,08-16-2022,10:49:26,31,独占,DD,人,863,3
111,08-16-2022,10:49:26,32,独占,DC,人,586,2
111,08-16-2022,10:49:26,33,独占,DC,人,730,3
111,08-16-2022,10:49:26,34,分享,CD,人,1372,2
111,08-16-2022,10:49:26,35,分享,CC,人,517,5
111,08-16-2022,10:49:26,36,,,,,
111,08-16-2022,10:49:26,37,,,,,
111,08-16-2022,10:49:26,38,独占,DD,电脑,1133,3
111,08-16-2022,10:49:26,39,分享,CD,电脑,252,2
111,08-16-2022,10:49:26,40,独占,DD,电脑,381,3
111,08-16-2022,10:49:26,41,独占,DD,电脑,301,3
111,08-16-2022,10:49:26,42,独占,DC,电脑,405,4
111,08-16-2022,10:49:26,43,分享,CC,电脑,1767,5
111,08-16-2022,10:49:26,44,分享,CD,电脑,951,1
111,08-16-2022,10:49:26,45,独占,DD,电脑,475,3
111,08-16-2022,10:49:26,46,分享,CD,电脑,579,1
111,08-16-2022,10:49:26,47,独占,DC,电脑,347,5
115,08-14-2022,9:44:15,1,,,,,
115,08-14-2022,9:44:15,2,分享,CD,人,3381,2
115,08-14-2022,9:44:15,3,独占,DC,人,2899,3
115,08-14-2022,9:44:15,4,分享,CC,人,2832,3
115,08-14-2022,9:44:15,5,独占,DD,人,1855,2
115,08-14-2022,9:44:15,6,分享,CC,人,1297,3
115,08-14-2022,9:44:15,7,独占,DC,人,758,3
115,08-14-2022,9:44:15,8,独占,DC,人,2069,3
115,08-14-2022,9:44:15,9,分享,CC,人,567,4
115,08-14-2022,9:44:15,10,分享,CC,人,1493,3
115,08-14-2022,9:44:15,11,独占,DD,人,456,3
115,08-14-2022,9:44:15,12,,,,,
115,08-14-2022,9:44:15,13,,,,,
115,08-14-2022,9:44:15,14,分享,CC,电脑,1364,4
115,08-14-2022,9:44:15,15,独占,DD,电脑,960,2
115,08-14-2022,9:44:15,16,分享,CC,电脑,859,3
115,08-14-2022,9:44:15,17,独占,DD,电脑,333,2
115,08-14-2022,9:44:15,18,独占,DD,电脑,2442,2
115,08-14-2022,9:44:15,19,独占,DD,电脑,621,3
115,08-14-2022,9:44:15,20,独占,DC,电脑,369,4
115,08-14-2022,9:44:15,21,分享,CC,电脑,1232,4
115,08-14-2022,9:44:15,22,独占,DC,电脑,596,3
115,08-14-2022,9:44:15,23,分享,CC,电脑,527,3
115,08-14-2022,9:44:15,24,,,,,
115,08-14-2022,9:44:15,25,,,,,
115,08-14-2022,9:44:15,26,分享,CD,人,1513,2
115,08-14-2022,9:44:15,27,分享,CD,人,621,2
115,08-14-2022,9:44:15,28,独占,DD,人,778,2
115,08-14-2022,9:44:15,29,独占,DC,人,650,4
115,08-14-2022,9:44:15,30,分享,CD,人,4088,2
115,08-14-2022,9:44:15,31,独占,DC,人,913,2
115,08-14-2022,9:44:15,32,独占,DD,人,723,3
115,08-14-2022,9:44:15,33,独占,DD,人,420,2
115,08-14-2022,9:44:15,34,独占,DC,人,521,2
115,08-14-2022,9:44:15,35,分享,CD,人,317,2
115,08-14-2022,9:44:15,36,,,,,
115,08-14-2022,9:44:15,37,,,,,
115,08-14-2022,9:44:15,38,独占,DD,电脑,334,2
115,08-14-2022,9:44:15,39,独占,DC,电脑,419,3
115,08-14-2022,9:44:15,40,分享,CD,电脑,234,2
115,08-14-2022,9:44:15,41,独占,DC,电脑,461,3
115,08-14-2022,9:44:15,42,独占,DD,电脑,3041,3
115,08-14-2022,9:44:15,43,独占,DD,电脑,218,3
115,08-14-2022,9:44:15,44,独占,DD,电脑,314,3
115,08-14-2022,9:44:15,45,独占,DD,电脑,354,3
115,08-14-2022,9:44:15,46,分享,CC,电脑,260,4
115,08-14-2022,9:44:15,47,独占,DC,电脑,533,4
135,08-26-2022,10:21:09,1,,,,,
135,08-26-2022,10:21:09,2,分享,CC,人,2754,5
135,08-26-2022,10:21:09,3,分享,CC,人,1174,5
135,08-26-2022,10:21:09,4,分享,CD,人,893,1
135,08-26-2022,10:21:09,5,独占,DC,人,945,5
135,08-26-2022,10:21:09,6,独占,DC,人,1446,5
135,08-26-2022,10:21:09,7,分享,CD,人,445,2
135,08-26-2022,10:21:09,8,独占,DD,人,505,3
135,08-26-2022,10:21:09,9,独占,DC,人,704,3
135,08-26-2022,10:21:09,10,分享,CD,人,884,2
135,08-26-2022,10:21:09,11,独占,DC,人,766,4
135,08-26-2022,10:21:09,12,,,,,
135,08-26-2022,10:21:09,13,,,,,
135,08-26-2022,10:21:09,14,分享,CD,电脑,422,4
135,08-26-2022,10:21:09,15,独占,DC,电脑,340,4
135,08-26-2022,10:21:09,16,独占,DD,电脑,492,4
135,08-26-2022,10:21:09,17,独占,DC,电脑,599,4
135,08-26-2022,10:21:09,18,独占,DD,电脑,482,4
135,08-26-2022,10:21:09,19,分享,CC,电脑,238,4
135,08-26-2022,10:21:09,20,独占,DD,电脑,736,4
135,08-26-2022,10:21:09,21,分享,CC,电脑,221,4
135,08-26-2022,10:21:09,22,分享,CD,电脑,323,2
135,08-26-2022,10:21:09,23,独占,DD,电脑,236,2
135,08-26-2022,10:21:09,24,,,,,
135,08-26-2022,10:21:09,25,,,,,
135,08-26-2022,10:21:09,26,分享,CD,人,364,2
135,08-26-2022,10:21:09,27,独占,DD,人,1086,3
135,08-26-2022,10:21:09,28,独占,DD,人,365,2
135,08-26-2022,10:21:09,29,独占,DC,人,258,3
135,08-26-2022,10:21:09,30,独占,DC,人,1577,4
135,08-26-2022,10:21:09,31,独占,DD,人,1315,4
135,08-26-2022,10:21:09,32,分享,CD,人,898,2
135,08-26-2022,10:21:09,33,分享,CC,人,717,4
135,08-26-2022,10:21:09,34,分享,CD,人,310,2
135,08-26-2022,10:21:09,35,独占,DC,人,385,4
135,08-26-2022,10:21:09,36,,,,,
135,08-26-2022,10:21:09,37,,,,,
135,08-26-2022,10:21:09,38,分享,CC,电脑,1767,4
135,08-26-2022,10:21:09,39,分享,CD,电脑,804,2
135,08-26-2022,10:21:09,40,独占,DD,电脑,320,3
135,08-26-2022,10:21:09,41,分享,CC,电脑,237,3
135,08-26-2022,10:21:09,42,分享,CD,电脑,1159,1
135,08-26-2022,10:21:09,43,独占,DC,电脑,345,4
135,08-26-2022,10:21:09,44,分享,CD,电脑,507,2
135,08-26-2022,10:21:09,45,独占,DC,电脑,226,4
135,08-26-2022,10:21:09,46,独占,DC,电脑,680,4
135,08-26-2022,10:21:09,47,分享,CC,电脑,1268,4
141,08-20-2022,10:10:15,1,,,,,
141,08-20-2022,10:10:15,2,独占,DC,人,1929,4
141,08-20-2022,10:10:15,3,独占,DC,人,6623,5
141,08-20-2022,10:10:15,4,独占,DD,人,635,5
141,08-20-2022,10:10:15,5,独占,DC,人,669,5
141,08-20-2022,10:10:15,6,独占,DD,人,446,5
141,08-20-2022,10:10:15,7,独占,DC,人,729,5
141,08-20-2022,10:10:15,8,独占,DC,人,1224,5
141,08-20-2022,10:10:15,9,独占,DD,人,1091,5
141,08-20-2022,10:10:15,10,分享,CC,人,714,5
141,08-20-2022,10:10:15,11,独占,DD,人,558,5
141,08-20-2022,10:10:15,12,,,,,
141,08-20-2022,10:10:15,13,,,,,
141,08-20-2022,10:10:15,14,独占,DC,电脑,594,5
141,08-20-2022,10:10:15,15,独占,DD,电脑,606,5
141,08-20-2022,10:10:15,16,分享,CC,电脑,967,5
141,08-20-2022,10:10:15,17,独占,DD,电脑,360,5
141,08-20-2022,10:10:15,18,独占,DC,电脑,389,5
141,08-20-2022,10:10:15,19,独占,DD,电脑,1567,5
141,08-20-2022,10:10:15,20,分享,CD,电脑,662,5
141,08-20-2022,10:10:15,21,独占,DC,电脑,455,5
141,08-20-2022,10:10:15,22,独占,DC,电脑,505,5
141,08-20-2022,10:10:15,23,独占,DD,电脑,671,5
141,08-20-2022,10:10:15,24,,,,,
141,08-20-2022,10:10:15,25,,,,,
141,08-20-2022,10:10:15,26,独占,DD,人,497,5
141,08-20-2022,10:10:15,27,独占,DD,人,439,5
141,08-20-2022,10:10:15,28,独占,DC,人,532,5
141,08-20-2022,10:10:15,29,独占,DD,人,448,5
141,08-20-2022,10:10:15,30,独占,DC,人,1023,5
141,08-20-2022,10:10:15,31,独占,DD,人,660,5
141,08-20-2022,10:10:15,32,独占,DC,人,294,5
141,08-20-2022,10:10:15,33,独占,DD,人,335,5
141,08-20-2022,10:10:15,34,独占,DD,人,616,1
141,08-20-2022,10:10:15,35,独占,DC,人,390,5
141,08-20-2022,10:10:15,36,,,,,
141,08-20-2022,10:10:15,37,,,,,
141,08-20-2022,10:10:15,38,独占,DD,电脑,524,5
141,08-20-2022,10:10:15,39,独占,DC,电脑,410,5
141,08-20-2022,10:10:15,40,独占,DD,电脑,488,5
141,08-20-2022,10:10:15,41,独占,DD,电脑,475,5
141,08-20-2022,10:10:15,42,独占,DC,电脑,514,5
141,08-20-2022,10:10:15,43,独占,DC,电脑,496,5
141,08-20-2022,10:10:15,44,独占,DC,电脑,277,5
141,08-20-2022,10:10:15,45,独占,DC,电脑,1070,5
141,08-20-2022,10:10:15,46,独占,DD,电脑,445,5
141,08-20-2022,10:10:15,47,独占,DD,电脑,235,5
146,08-31-2022,11:09:44,1,,,,,
146,08-31-2022,11:09:44,2,分享,CC,人,3154,4
146,08-31-2022,11:09:44,3,分享,CC,人,815,5
146,08-31-2022,11:09:44,4,分享,CD,人,832,3
146,08-31-2022,11:09:44,5,独占,DC,人,1581,3
146,08-31-2022,11:09:44,6,独占,DD,人,910,3
146,08-31-2022,11:09:44,7,分享,CC,人,837,4
146,08-31-2022,11:09:44,8,独占,DD,人,655,3
146,08-31-2022,11:09:44,9,独占,DD,人,438,4
146,08-31-2022,11:09:44,10,分享,CD,人,2278,2
146,08-31-2022,11:09:44,11,独占,DD,人,1175,4
146,08-31-2022,11:09:44,12,,,,,
146,08-31-2022,11:09:44,13,,,,,
146,08-31-2022,11:09:44,14,分享,CC,电脑,354,4
146,08-31-2022,11:09:44,15,独占,DD,电脑,388,4
146,08-31-2022,11:09:44,16,独占,DC,电脑,501,4
146,08-31-2022,11:09:44,17,分享,CD,电脑,749,3
146,08-31-2022,11:09:44,18,独占,DD,电脑,455,3
146,08-31-2022,11:09:44,19,分享,CC,电脑,696,4
146,08-31-2022,11:09:44,20,独占,DC,电脑,1683,4
146,08-31-2022,11:09:44,21,独占,DD,电脑,543,4
146,08-31-2022,11:09:44,22,独占,DD,电脑,575,4
146,08-31-2022,11:09:44,23,分享,CC,电脑,1128,5
146,08-31-2022,11:09:44,24,,,,,
146,08-31-2022,11:09:44,25,,,,,
146,08-31-2022,11:09:44,26,分享,CD,人,1336,2
146,08-31-2022,11:09:44,27,独占,DD,人,354,3
146,08-31-2022,11:09:44,28,独占,DC,人,530,4
146,08-31-2022,11:09:44,29,独占,DD,人,611,3
146,08-31-2022,11:09:44,30,分享,CC,人,677,4
146,08-31-2022,11:09:44,31,独占,DC,人,759,4
146,08-31-2022,11:09:44,32,独占,DC,人,404,4
146,08-31-2022,11:09:44,33,独占,DC,人,463,4
146,08-31-2022,11:09:44,34,独占,DC,人,385,4
146,08-31-2022,11:09:44,35,独占,DD,人,396,4
146,08-31-2022,11:09:44,36,,,,,
146,08-31-2022,11:09:44,37,,,,,
146,08-31-2022,11:09:44,38,分享,CD,电脑,676,4
146,08-31-2022,11:09:44,39,独占,DD,电脑,575,4
146,08-31-2022,11:09:44,40,分享,CD,电脑,800,4
146,08-31-2022,11:09:44,41,独占,DC,电脑,576,4
146,08-31-2022,11:09:44,42,独占,DC,电脑,2194,4
146,08-31-2022,11:09:44,43,分享,CC,电脑,881,4
146,08-31-2022,11:09:44,44,独占,DD,电脑,728,4
146,08-31-2022,11:09:44,45,分享,CC,电脑,416,4
146,08-31-2022,11:09:44,46,分享,CC,电脑,1261,5
146,08-31-2022,11:09:44,47,独占,DD,电脑,307,5
148,08-19-2022,11:05:45,1,,,,,
148,08-19-2022,11:05:45,2,独占,DD,人,4033,4
148,08-19-2022,11:05:45,3,分享,CC,人,1144,5
148,08-19-2022,11:05:45,4,独占,DD,人,466,4
148,08-19-2022,11:05:45,5,独占,DD,人,947,4
148,08-19-2022,11:05:45,6,独占,DD,人,573,4
148,08-19-2022,11:05:45,7,分享,CD,人,881,1
148,08-19-2022,11:05:45,8,独占,DC,人,1789,5
148,08-19-2022,11:05:45,9,独占,DC,人,705,5
148,08-19-2022,11:05:45,10,独占,DC,人,454,5
148,08-19-2022,11:05:45,11,分享,CC,人,447,5
148,08-19-2022,11:05:45,12,,,,,
148,08-19-2022,11:05:45,13,,,,,
148,08-19-2022,11:05:45,14,独占,DC,电脑,984,5
148,08-19-2022,11:05:45,15,独占,DC,电脑,1151,5
148,08-19-2022,11:05:45,16,分享,CC,电脑,522,5
148,08-19-2022,11:05:45,17,独占,DD,电脑,423,5
148,08-19-2022,11:05:45,18,分享,CD,电脑,1490,1
148,08-19-2022,11:05:45,19,独占,DD,电脑,1557,4
148,08-19-2022,11:05:45,20,独占,DD,电脑,640,5
148,08-19-2022,11:05:45,21,分享,CD,电脑,625,2
148,08-19-2022,11:05:45,22,独占,DD,电脑,2313,2
148,08-19-2022,11:05:45,23,独占,DC,电脑,583,3
148,08-19-2022,11:05:45,24,,,,,
148,08-19-2022,11:05:45,25,,,,,
148,08-19-2022,11:05:45,26,独占,DC,人,1046,5
148,08-19-2022,11:05:45,27,独占,DD,人,568,3
148,08-19-2022,11:05:45,28,独占,DC,人,730,3
148,08-19-2022,11:05:45,29,分享,CC,人,1198,3
148,08-19-2022,11:05:45,30,独占,DD,人,727,3
148,08-19-2022,11:05:45,31,独占,DD,人,1131,3
148,08-19-2022,11:05:45,32,分享,CC,人,530,3
148,08-19-2022,11:05:45,33,独占,DC,人,954,3
148,08-19-2022,11:05:45,34,独占,DD,人,822,5
148,08-19-2022,11:05:45,35,分享,CD,人,1351,3
148,08-19-2022,11:05:45,36,,,,,
148,08-19-2022,11:05:45,37,,,,,
148,08-19-2022,11:05:45,38,独占,DC,电脑,1305,5
148,08-19-2022,11:05:45,39,独占,DD,电脑,368,5
148,08-19-2022,11:05:45,40,分享,CD,电脑,310,5
148,08-19-2022,11:05:45,41,独占,DD,电脑,1522,3
148,08-19-2022,11:05:45,42,独占,DC,电脑,434,3
148,08-19-2022,11:05:45,43,独占,DC,电脑,400,2
148,08-19-2022,11:05:45,44,分享,CD,电脑,999,3
148,08-19-2022,11:05:45,45,独占,DC,电脑,322,5
148,08-19-2022,11:05:45,46,独占,DC,电脑,559,3
148,08-19-2022,11:05:45,47,分享,CC,电脑,5018,3
